season,abbreviation,team_name,win_total,total_games,as_of_date,source
2022,ARI,Arizona Diamondbacks,65.5,162,2022-03-21,https://www.sportsbettingdime.com/mlb/futures/win-totals-best-odds/past-seasons/
2022,ATL,Atlanta Braves,90.5,162,2022-03-21,https://www.sportsbettingdime.com/mlb/futures/win-totals-best-odds/past-seasons/
2022,CHC,Chicago Cubs,74.5,162,2022-03-21,https://www.sportsbettingdime.com/mlb/futures/win-totals-best-odds/past-seasons/
2022,CIN,Cincinnati Reds,75.5,162,2022-03-21,https://www.sportsbettingdime.com/mlb/futures/win-totals-best-odds/past-seasons/
2022,COL,Colorado Rockies,69.5,162,2022-03-21,https://www.sportsbettingdime.com/mlb/futures/win-totals-best-odds/past-seasons/
2022,LAD,Los Angeles Dodgers,97.5,162,2022-03-21,https://www.sportsbettingdime.com/mlb/futures/win-totals-best-odds/past-seasons/
2022,MIA,Miami Marlins,75.5,162,2022-03-21,https://www.sportsbettingdime.com/mlb/futures/win-totals-best-odds/past-seasons/
2022,MIL,Milwaukee Brewers,88.5,162,2022-03-21,https://www.sportsbettingdime.com/mlb/futures/win-totals-best-odds/past-seasons/
2022,NYM,New York Mets,90.5,162,2022-03-21,https://www.sportsbettingdime.com/mlb/futures/win-totals-best-odds/past-seasons/
2022,PHI,Philadelphia Phillies,84.5,162,2022-03-21,https://www.sportsbettingdime.com/mlb/futures/win-totals-best-odds/past-seasons/
2022,PIT,Pittsburgh Pirates,64.5,162,2022-03-21,https://www.sportsbettingdime.com/mlb/futures/win-totals-best-odds/past-seasons/
2022,SD,San Diego Padres,87.5,162,2022-03-21,https://www.sportsbettingdime.com/mlb/futures/win-totals-best-odds/past-seasons/
2022,SF,San Francisco Giants,85.5,162,2022-03-21,https://www.sportsbettingdime.com/mlb/futures/win-totals-best-odds/past-seasons/
2022,STL,St. Louis Cardinals,85.5,162,2022-03-21,https://www.sportsbettingdime.com/mlb/futures/win-totals-best-odds/past-seasons/
2022,WSH,Washington Nationals,70.5,162,2022-03-21,https://www.sportsbettingdime.com/mlb/futures/win-totals-best-odds/past-seasons/
2022,BAL,Baltimore Orioles,62.5,162,2022-03-21,https://www.sportsbettingdime.com/mlb/futures/win-totals-best-odds/past-seasons/
2022,BOS,Boston Red Sox,85.5,162,2022-03-21,https://www.sportsbettingdime.com/mlb/futures/win-totals-best-odds/past-seasons/
2022,CWS,Chicago White Sox,91.5,162,2022-03-21,https://www.sportsbettingdime.com/mlb/futures/win-totals-best-odds/past-seasons/
2022,CLE,Cleveland Guardians,75.5,162,2022-03-21,https://www.sportsbettingdime.com/mlb/futures/win-totals-best-odds/past-seasons/
2022,DET,Detroit Tigers,78.5,162,2022-03-21,https://www.sportsbettingdime.com/mlb/futures/win-totals-best-odds/past-seasons/
2022,HOU,Houston Astros,92.5,162,2022-03-21,https://www.sportsbettingdime.com/mlb/futures/win-totals-best-odds/past-seasons/
2022,KC,Kansas City Royals,75.5,162,2022-03-21,https://www.sportsbettingdime.com/mlb/futures/win-totals-best-odds/past-seasons/
2022,LAA,Los Angeles Angels,84.5,162,2022-03-21,https://www.sportsbettingdime.com/mlb/futures/win-totals-best-odds/past-seasons/
2022,MIN,Minnesota Twins,80.5,162,2022-03-21,https://www.sportsbettingdime.com/mlb/futures/win-totals-best-odds/past-seasons/
2022,NYY,New York Yankees,92.5,162,2022-03-21,https://www.sportsbettingdime.com/mlb/futures/win-totals-best-odds/past-seasons/
2022,OAK,Oakland Athletics,71.5,162,2022-03-21,https://www.sportsbettingdime.com/mlb/futures/win-totals-best-odds/past-seasons/
2022,SEA,Seattle Mariners,85.5,162,2022-03-21,https://www.sportsbettingdime.com/mlb/futures/win-totals-best-odds/past-seasons/
2022,TB,Tampa Bay Rays,89.5,162,2022-03-21,https://www.sportsbettingdime.com/mlb/futures/win-totals-best-odds/past-seasons/
2022,TEX,Texas Rangers,74.5,162,2022-03-21,https://www.sportsbettingdime.com/mlb/futures/win-totals-best-odds/past-seasons/
2022,TOR,Toronto Blue Jays,91.5,162,2022-03-21,https://www.sportsbettingdime.com/mlb/futures/win-totals-best-odds/past-seasons/
2023,ARI,Arizona Diamondbacks,74.5,162,2023-02-15,https://www.sportsbettingdime.com/mlb/futures/win-totals-best-odds/past-seasons/
2023,ATL,Atlanta Braves,94.5,162,2023-02-15,https://www.sportsbettingdime.com/mlb/futures/win-totals-best-odds/past-seasons/
2023,CHC,Chicago Cubs,76.5,162,2023-02-15,https://www.sportsbettingdime.com/mlb/futures/win-totals-best-odds/past-seasons/
2023,CIN,Cincinnati Reds,65.5,162,2023-02-15,https://www.sportsbettingdime.com/mlb/futures/win-totals-best-odds/past-seasons/
2023,COL,Colorado Rockies,65.5,162,2023-02-15,https://www.sportsbettingdime.com/mlb/futures/win-totals-best-odds/past-seasons/
2023,LAD,Los Angeles Dodgers,95.5,162,2023-02-15,https://www.sportsbettingdime.com/mlb/futures/win-totals-best-odds/past-seasons/
2023,MIA,Miami Marlins,76.5,162,2023-02-15,https://www.sportsbettingdime.com/mlb/futures/win-totals-best-odds/past-seasons/
2023,MIL,Milwaukee Brewers,85.5,162,2023-02-15,https://www.sportsbettingdime.com/mlb/futures/win-totals-best-odds/past-seasons/
2023,NYM,New York Mets,94.5,162,2023-02-15,https://www.sportsbettingdime.com/mlb/futures/win-totals-best-odds/past-seasons/
2023,PHI,Philadelphia Phillies,88.5,162,2023-02-15,https://www.sportsbettingdime.com/mlb/futures/win-totals-best-odds/past-seasons/
2023,PIT,Pittsburgh Pirates,67.5,162,2023-02-15,https://www.sportsbettingdime.com/mlb/futures/win-totals-best-odds/past-seasons/
2023,SD,San Diego Padres,92.5,162,2023-02-15,https://www.sportsbettingdime.com/mlb/futures/win-totals-best-odds/past-seasons/
2023,SF,San Francisco Giants,81.5,162,2023-02-15,https://www.sportsbettingdime.com/mlb/futures/win-totals-best-odds/past-seasons/
2023,STL,St. Louis Cardinals,88.5,162,2023-02-15,https://www.sportsbettingdime.com/mlb/futures/win-totals-best-odds/past-seasons/
2023,WSH,Washington Nationals,61.5,162,2023-02-15,https://www.sportsbettingdime.com/mlb/futures/win-totals-best-odds/past-seasons/
2023,BAL,Baltimore Orioles,76.5,162,2023-02-15,https://www.sportsbettingdime.com/mlb/futures/win-totals-best-odds/past-seasons/
2023,BOS,Boston Red Sox,77.5,162,2023-02-15,https://www.sportsbettingdime.com/mlb/futures/win-totals-best-odds/past-seasons/
2023,CWS,Chicago White Sox,82.5,162,2023-02-15,https://www.sportsbettingdime.com/mlb/futures/win-totals-best-odds/past-seasons/
2023,CLE,Cleveland Guardians,86.5,162,2023-02-15,https://www.sportsbettingdime.com/mlb/futures/win-totals-best-odds/past-seasons/
2023,DET,Detroit Tigers,70.5,162,2023-02-15,https://www.sportsbettingdime.com/mlb/futures/win-totals-best-odds/past-seasons/
2023,HOU,Houston Astros,95.5,162,2023-02-15,https://www.sportsbettingdime.com/mlb/futures/win-totals-best-odds/past-seasons/
2023,KC,Kansas City Royals,69.5,162,2023-02-15,https://www.sportsbettingdime.com/mlb/futures/win-totals-best-odds/past-seasons/
2023,LAA,Los Angeles Angels,81.5,162,2023-02-15,https://www.sportsbettingdime.com/mlb/futures/win-totals-best-odds/past-seasons/
2023,MIN,Minnesota Twins,82.5,162,2023-02-15,https://www.sportsbettingdime.com/mlb/futures/win-totals-best-odds/past-seasons/
2023,NYY,New York Yankees,94.5,162,2023-02-15,https://www.sportsbettingdime.com/mlb/futures/win-totals-best-odds/past-seasons/
2023,OAK,Oakland Athletics,60.5,162,2023-02-15,https://www.sportsbettingdime.com/mlb/futures/win-totals-best-odds/past-seasons/
2023,SEA,Seattle Mariners,87.5,162,2023-02-15,https://www.sportsbettingdime.com/mlb/futures/win-totals-best-odds/past-seasons/
2023,TB,Tampa Bay Rays,88.5,162,2023-02-15,https://www.sportsbettingdime.com/mlb/futures/win-totals-best-odds/past-seasons/
2023,TEX,Texas Rangers,82.5,162,2023-02-15,https://www.sportsbettingdime.com/mlb/futures/win-totals-best-odds/past-seasons/
2023,TOR,Toronto Blue Jays,90.5,162,2023-02-15,https://www.sportsbettingdime.com/mlb/futures/win-totals-best-odds/past-seasons/
2024,ARI,Arizona Diamondbacks,83.5,162,2024-02-20,https://www.covers.com/mlb/win-total-odds-picks-2024
2024,ATL,Atlanta Braves,101.5,162,2024-02-20,https://www.covers.com/mlb/win-total-odds-picks-2024
2024,CHC,Chicago Cubs,84.5,162,2024-02-20,https://www.covers.com/mlb/win-total-odds-picks-2024
2024,CIN,Cincinnati Reds,82.5,162,2024-02-20,https://www.covers.com/mlb/win-total-odds-picks-2024
2024,COL,Colorado Rockies,60.5,162,2024-02-20,https://www.covers.com/mlb/win-total-odds-picks-2024
2024,LAD,Los Angeles Dodgers,103.5,162,2024-02-20,https://www.covers.com/mlb/win-total-odds-picks-2024
2024,MIA,Miami Marlins,78.5,162,2024-02-20,https://www.covers.com/mlb/win-total-odds-picks-2024
2024,MIL,Milwaukee Brewers,76.5,162,2024-02-20,https://www.covers.com/mlb/win-total-odds-picks-2024
2024,NYM,New York Mets,82.5,162,2024-02-20,https://www.covers.com/mlb/win-total-odds-picks-2024
2024,PHI,Philadelphia Phillies,90.5,162,2024-02-20,https://www.covers.com/mlb/win-total-odds-picks-2024
2024,PIT,Pittsburgh Pirates,74.5,162,2024-02-20,https://www.covers.com/mlb/win-total-odds-picks-2024
2024,SD,San Diego Padres,81.5,162,2024-02-20,https://www.covers.com/mlb/win-total-odds-picks-2024
2024,SF,San Francisco Giants,81.5,162,2024-02-20,https://www.covers.com/mlb/win-total-odds-picks-2024
2024,STL,St. Louis Cardinals,84.5,162,2024-02-20,https://www.covers.com/mlb/win-total-odds-picks-2024
2024,WSH,Washington Nationals,66.5,162,2024-02-20,https://www.covers.com/mlb/win-total-odds-picks-2024
2024,BAL,Baltimore Orioles,90.5,162,2024-02-20,https://www.covers.com/mlb/win-total-odds-picks-2024
2024,BOS,Boston Red Sox,79.5,162,2024-02-20,https://www.covers.com/mlb/win-total-odds-picks-2024
2024,CWS,Chicago White Sox,63.5,162,2024-02-20,https://www.covers.com/mlb/win-total-odds-picks-2024
2024,CLE,Cleveland Guardians,78.5,162,2024-02-20,https://www.covers.com/mlb/win-total-odds-picks-2024
2024,DET,Detroit Tigers,80.5,162,2024-02-20,https://www.covers.com/mlb/win-total-odds-picks-2024
2024,HOU,Houston Astros,92.5,162,2024-02-20,https://www.covers.com/mlb/win-total-odds-picks-2024
2024,KC,Kansas City Royals,73.5,162,2024-02-20,https://www.covers.com/mlb/win-total-odds-picks-2024
2024,LAA,Los Angeles Angels,72.5,162,2024-02-20,https://www.covers.com/mlb/win-total-odds-picks-2024
2024,MIN,Minnesota Twins,86.5,162,2024-02-20,https://www.covers.com/mlb/win-total-odds-picks-2024
2024,NYY,New York Yankees,93.5,162,2024-02-20,https://www.covers.com/mlb/win-total-odds-picks-2024
2024,OAK,Oakland Athletics,56.5,162,2024-02-20,https://www.covers.com/mlb/win-total-odds-picks-2024
2024,SEA,Seattle Mariners,87.5,162,2024-02-20,https://www.covers.com/mlb/win-total-odds-picks-2024
2024,TB,Tampa Bay Rays,84.5,162,2024-02-20,https://www.covers.com/mlb/win-total-odds-picks-2024
2024,TEX,Texas Rangers,89.5,162,2024-02-20,https://www.covers.com/mlb/win-total-odds-picks-2024
2024,TOR,Toronto Blue Jays,86.5,162,2024-02-20,https://www.covers.com/mlb/win-total-odds-picks-2024
2025,ARI,Arizona Diamondbacks,86.5,162,2025-03-01,https://www.sportsbettingdime.com/mlb/futures/win-totals-best-odds/past-seasons/
2025,ATL,Atlanta Braves,93.5,162,2025-03-01,https://www.sportsbettingdime.com/mlb/futures/win-totals-best-odds/past-seasons/
2025,CHC,Chicago Cubs,85.5,162,2025-03-01,https://www.sportsbettingdime.com/mlb/futures/win-totals-best-odds/past-seasons/
2025,CIN,Cincinnati Reds,77.5,162,2025-03-01,https://www.sportsbettingdime.com/mlb/futures/win-totals-best-odds/past-seasons/
2025,COL,Colorado Rockies,58.5,162,2025-03-01,https://www.sportsbettingdime.com/mlb/futures/win-totals-best-odds/past-seasons/
2025,LAD,Los Angeles Dodgers,103.5,162,2025-03-01,https://www.sportsbettingdime.com/mlb/futures/win-totals-best-odds/past-seasons/
2025,MIA,Miami Marlins,63.5,162,2025-03-01,https://www.sportsbettingdime.com/mlb/futures/win-totals-best-odds/past-seasons/
2025,MIL,Milwaukee Brewers,83.5,162,2025-03-01,https://www.sportsbettingdime.com/mlb/futures/win-totals-best-odds/past-seasons/
2025,NYM,New York Mets,90.5,162,2025-03-01,https://www.sportsbettingdime.com/mlb/futures/win-totals-best-odds/past-seasons/
2025,PHI,Philadelphia Phillies,91.5,162,2025-03-01,https://www.sportsbettingdime.com/mlb/futures/win-totals-best-odds/past-seasons/
2025,PIT,Pittsburgh Pirates,77.5,162,2025-03-01,https://www.sportsbettingdime.com/mlb/futures/win-totals-best-odds/past-seasons/
2025,SD,San Diego Padres,85.5,162,2025-03-01,https://www.sportsbettingdime.com/mlb/futures/win-totals-best-odds/past-seasons/
2025,SF,San Francisco Giants,80.5,162,2025-03-01,https://www.sportsbettingdime.com/mlb/futures/win-totals-best-odds/past-seasons/
2025,STL,St. Louis Cardinals,77.5,162,2025-03-01,https://www.sportsbettingdime.com/mlb/futures/win-totals-best-odds/past-seasons/
2025,WSH,Washington Nationals,72.5,162,2025-03-01,https://www.sportsbettingdime.com/mlb/futures/win-totals-best-odds/past-seasons/
2025,OAK,Oakland Athletics,71.5,162,2025-03-01,https://www.sportsbettingdime.com/mlb/futures/win-totals-best-odds/past-seasons/
2025,BAL,Baltimore Orioles,87.5,162,2025-03-01,https://www.sportsbettingdime.com/mlb/futures/win-totals-best-odds/past-seasons/
2025,BOS,Boston Red Sox,86.5,162,2025-03-01,https://www.sportsbettingdime.com/mlb/futures/win-totals-best-odds/past-seasons/
2025,CWS,Chicago White Sox,53.5,162,2025-03-01,https://www.sportsbettingdime.com/mlb/futures/win-totals-best-odds/past-seasons/
2025,CLE,Cleveland Guardians,82.5,162,2025-03-01,https://www.sportsbettingdime.com/mlb/futures/win-totals-best-odds/past-seasons/
2025,DET,Detroit Tigers,83.5,162,2025-03-01,https://www.sportsbettingdime.com/mlb/futures/win-totals-best-odds/past-seasons/
2025,HOU,Houston Astros,87.5,162,2025-03-01,https://www.sportsbettingdime.com/mlb/futures/win-totals-best-odds/past-seasons/
2025,KC,Kansas City Royals,83.5,162,2025-03-01,https://www.sportsbettingdime.com/mlb/futures/win-totals-best-odds/past-seasons/
2025,LAA,Los Angeles Angels,71.5,162,2025-03-01,https://www.sportsbettingdime.com/mlb/futures/win-totals-best-odds/past-seasons/
2025,MIN,Minnesota Twins,84.5,162,2025-03-01,https://www.sportsbettingdime.com/mlb/futures/win-totals-best-odds/past-seasons/
2025,NYY,New York Yankees,91.5,162,2025-03-01,https://www.sportsbettingdime.com/mlb/futures/win-totals-best-odds/past-seasons/
2025,SEA,Seattle Mariners,84.5,162,2025-03-01,https://www.sportsbettingdime.com/mlb/futures/win-totals-best-odds/past-seasons/
2025,TB,Tampa Bay Rays,81.5,162,2025-03-01,https://www.sportsbettingdime.com/mlb/futures/win-totals-best-odds/past-seasons/
2025,TEX,Texas Rangers,85.5,162,2025-03-01,https://www.sportsbettingdime.com/mlb/futures/win-totals-best-odds/past-seasons/
2025,TOR,Toronto Blue Jays,78.5,162,2025-03-01,https://www.sportsbettingdime.com/mlb/futures/win-totals-best-odds/past-seasons/
