season,team_name,abbreviation,team_id,win_total,over_odds,under_odds,actual_wins,result
2013,Arizona Diamondbacks,AZ,109,82.5,-115,-115,81,Under
2013,Atlanta Braves,ATL,144,87.5,-115,-115,96,Over
2013,Baltimore Orioles,BAL,110,78.5,-115,-115,85,Over
2013,Boston Red Sox,BOS,111,83.0,100,-130,97,Over
2013,Chicago Cubs,CHC,112,72.5,-120,-110,66,Under
2013,Chicago White Sox,CWS,145,81.0,100,-130,63,Under
2013,Cincinnati Reds,CIN,113,91.0,100,-130,90,Under
2013,Cleveland Guardians,CLE,114,77.5,-140,110,92,Over
2013,Colorado Rockies,COL,115,70.5,-135,105,74,Over
2013,Detroit Tigers,DET,116,92.5,-115,-115,93,Over
2013,Houston Astros,HOU,117,59.5,100,-130,51,Under
2013,Kansas City Royals,KC,118,77.5,-115,-115,86,Over
2013,Los Angeles Angels,LAA,108,91.5,-115,-115,78,Under
2013,Los Angeles Dodgers,LAD,119,91.5,100,-130,92,Over
2013,Miami Marlins,MIA,146,63.0,-170,133,62,Under
2013,Milwaukee Brewers,MIL,158,81.0,-115,-115,74,Under
2013,Minnesota Twins,MIN,142,67.5,-160,125,66,Under
2013,New York Mets,NYM,121,75.0,100,-130,74,Under
2013,New York Yankees,NYY,147,84.5,-115,-115,85,Over
2013,Oakland Athletics,OAK,133,84.5,-115,-115,96,Over
2013,Philadelphia Phillies,PHI,143,84.0,-115,-115,73,Under
2013,Pittsburgh Pirates,PIT,134,77.0,-115,-115,94,Over
2013,San Diego Padres,SD,135,74.5,100,-130,76,Over
2013,San Francisco Giants,SF,137,88.0,-105,-125,76,Under
2013,Seattle Mariners,SEA,136,77.5,-120,-110,71,Under
2013,St. Louis Cardinals,STL,138,86.0,-110,-120,97,Over
2013,Tampa Bay Rays,TB,139,86.0,-130,100,91,Over
2013,Texas Rangers,TEX,140,86.5,-130,100,91,Over
2013,Toronto Blue Jays,TOR,141,89.0,-120,-110,74,Under
2013,Washington Nationals,WSH,120,92.0,100,-130,86,Under
2014,Arizona Diamondbacks,AZ,109,81.5,-120,-110,64,Under
2014,Atlanta Braves,ATL,144,87.5,130,-160,79,Under
2014,Baltimore Orioles,BAL,110,81.5,-105,-125,96,Over
2014,Boston Red Sox,BOS,111,88.0,-110,-120,71,Under
2014,Chicago Cubs,CHC,112,70.0,-110,-120,73,Over
2014,Chicago White Sox,CWS,145,76.5,130,-160,73,Under
2014,Cincinnati Reds,CIN,113,84.5,-120,-110,76,Under
2014,Cleveland Guardians,CLE,114,80.5,-150,120,85,Over
2014,Colorado Rockies,COL,115,76.5,-145,115,66,Under
2014,Detroit Tigers,DET,116,90.0,-120,-110,90,Push
2014,Houston Astros,HOU,117,62.5,-160,130,70,Over
2014,Kansas City Royals,KC,118,82.0,-120,-110,89,Over
2014,Los Angeles Angels,LAA,108,86.5,-110,-120,98,Over
2014,Los Angeles Dodgers,LAD,119,92.5,-125,-105,94,Over
2014,Miami Marlins,MIA,146,69.5,-120,-110,77,Over
2014,Milwaukee Brewers,MIL,158,80.0,-115,-115,82,Over
2014,Minnesota Twins,MIN,142,70.5,110,-140,70,Under
2014,New York Mets,NYM,121,74.0,-120,-110,79,Over
2014,New York Yankees,NYY,147,87.0,135,-165,84,Under
2014,Oakland Athletics,OAK,133,88.5,140,-170,88,Under
2014,Philadelphia Phillies,PHI,143,76.5,-120,-110,73,Under
2014,Pittsburgh Pirates,PIT,134,84.5,115,-145,88,Over
2014,San Diego Padres,SD,135,79.0,110,-140,77,Under
2014,San Francisco Giants,SF,137,86.5,100,-130,88,Over
2014,Seattle Mariners,SEA,136,81.0,100,-130,87,Over
2014,St. Louis Cardinals,STL,138,91.5,-110,-120,90,Under
2014,Tampa Bay Rays,TB,139,88.0,-115,-115,77,Under
2014,Texas Rangers,TEX,140,87.0,-115,-115,67,Under
2014,Toronto Blue Jays,TOR,141,80.5,-115,-115,83,Over
2014,Washington Nationals,WSH,120,89.5,-150,120,96,Over
2015,Arizona Diamondbacks,AZ,109,72.5,120,-140,79,Over
2015,Atlanta Braves,ATL,144,73.5,-105,-115,67,Under
2015,Baltimore Orioles,BAL,110,82.5,-130,110,81,Under
2015,Boston Red Sox,BOS,111,86.0,-110,-110,78,Under
2015,Chicago Cubs,CHC,112,83.0,-125,105,97,Over
2015,Chicago White Sox,CWS,145,81.5,-110,-110,76,Under
2015,Cincinnati Reds,CIN,113,77.5,120,-140,64,Under
2015,Cleveland Guardians,CLE,114,84.5,-115,-105,81,Under
2015,Colorado Rockies,COL,115,72.5,-115,-105,68,Under
2015,Detroit Tigers,DET,116,83.5,100,-120,74,Under
2015,Houston Astros,HOU,117,76.5,100,-120,86,Over
2015,Kansas City Royals,KC,118,80.5,-120,100,95,Over
2015,Los Angeles Angels,LAA,108,87.5,-110,-110,85,Under
2015,Los Angeles Dodgers,LAD,119,92.5,-105,-115,92,Under
2015,Miami Marlins,MIA,146,81.5,-110,-110,71,Under
2015,Milwaukee Brewers,MIL,158,78.5,-115,-105,68,Under
2015,Minnesota Twins,MIN,142,71.5,-115,-105,83,Over
2015,New York Mets,NYM,121,82.5,-120,100,90,Over
2015,New York Yankees,NYY,147,81.5,-120,100,87,Over
2015,Oakland Athletics,OAK,133,82.5,-110,-110,68,Under
2015,Philadelphia Phillies,PHI,143,67.5,100,-120,63,Under
2015,Pittsburgh Pirates,PIT,134,85.0,-120,100,98,Over
2015,San Diego Padres,SD,135,83.5,110,-130,74,Under
2015,San Francisco Giants,SF,137,82.5,-105,-115,84,Over
2015,Seattle Mariners,SEA,136,87.5,-115,-105,76,Under
2015,St. Louis Cardinals,STL,138,87.5,-135,115,100,Over
2015,Tampa Bay Rays,TB,139,79.5,-115,-105,80,Over
2015,Texas Rangers,TEX,140,75.5,110,-130,88,Over
2015,Toronto Blue Jays,TOR,141,82.5,-130,110,93,Over
2015,Washington Nationals,WSH,120,94.0,-125,105,83,Under
2016,Arizona Diamondbacks,AZ,109,81.5,-115,-105,69,Under
2016,Atlanta Braves,ATL,144,65.5,-150,130,68,Over
2016,Baltimore Orioles,BAL,110,79.5,145,-165,89,Over
2016,Boston Red Sox,BOS,111,86.5,-135,115,93,Over
2016,Chicago Cubs,CHC,112,93.5,-130,110,103,Over
2016,Chicago White Sox,CWS,145,80.5,-135,115,78,Under
2016,Cincinnati Reds,CIN,113,70.5,125,-145,68,Under
2016,Cleveland Guardians,CLE,114,85.5,-145,125,94,Over
2016,Colorado Rockies,COL,115,71.5,115,-135,75,Over
2016,Detroit Tigers,DET,116,81.5,-135,115,86,Over
2016,Houston Astros,HOU,117,88.5,130,-150,84,Under
2016,Kansas City Royals,KC,118,84.5,100,-120,81,Under
2016,Los Angeles Angels,LAA,108,80.5,115,-135,74,Under
2016,Los Angeles Dodgers,LAD,119,89.5,-120,100,91,Over
2016,Miami Marlins,MIA,146,78.5,-165,145,79,Over
2016,Milwaukee Brewers,MIL,158,70.5,120,-140,73,Over
2016,Minnesota Twins,MIN,142,79.5,-115,-105,59,Under
2016,New York Mets,NYM,121,89.5,-140,120,87,Under
2016,New York Yankees,NYY,147,85.5,105,-125,84,Under
2016,Oakland Athletics,OAK,133,75.5,-145,125,69,Under
2016,Philadelphia Phillies,PHI,143,64.5,-160,140,71,Over
2016,Pittsburgh Pirates,PIT,134,86.5,140,-160,78,Under
2016,San Diego Padres,SD,135,73.5,135,-155,68,Under
2016,San Francisco Giants,SF,137,88.5,-120,100,87,Under
2016,Seattle Mariners,SEA,136,82.5,-135,115,86,Over
2016,St. Louis Cardinals,STL,138,87.5,140,-160,86,Under
2016,Tampa Bay Rays,TB,139,82.5,110,-130,68,Under
2016,Texas Rangers,TEX,140,83.5,-115,-105,95,Over
2016,Toronto Blue Jays,TOR,141,86.5,-135,115,89,Over
2016,Washington Nationals,WSH,120,88.5,-125,105,95,Over
2017,Arizona Diamondbacks,AZ,109,77.5,-125,105,93,Over
2017,Atlanta Braves,ATL,144,74.5,-150,130,72,Under
2017,Baltimore Orioles,BAL,110,80.5,-115,-105,75,Under
2017,Boston Red Sox,BOS,111,92.5,100,-120,93,Over
2017,Chicago Cubs,CHC,112,96.5,105,-125,92,Under
2017,Chicago White Sox,CWS,145,69.5,-105,-115,67,Under
2017,Cincinnati Reds,CIN,113,69.5,-105,-115,68,Under
2017,Cleveland Guardians,CLE,114,93.5,110,-130,102,Over
2017,Colorado Rockies,COL,115,80.5,-120,100,87,Over
2017,Detroit Tigers,DET,116,82.5,110,-130,64,Under
2017,Houston Astros,HOU,117,90.5,-125,105,101,Over
2017,Kansas City Royals,KC,118,76.5,-140,120,80,Over
2017,Los Angeles Angels,LAA,108,79.5,-110,-110,80,Over
2017,Los Angeles Dodgers,LAD,119,94.5,110,-130,104,Over
2017,Miami Marlins,MIA,146,76.5,110,-130,77,Over
2017,Milwaukee Brewers,MIL,158,70.5,-110,-110,86,Over
2017,Minnesota Twins,MIN,142,74.5,-115,-105,85,Over
2017,New York Mets,NYM,121,87.5,-125,105,70,Under
2017,New York Yankees,NYY,147,83.5,110,-130,91,Over
2017,Oakland Athletics,OAK,133,73.5,-115,-105,75,Over
2017,Philadelphia Phillies,PHI,143,72.5,-115,-105,66,Under
2017,Pittsburgh Pirates,PIT,134,83.0,105,-125,75,Under
2017,San Diego Padres,SD,135,66.5,105,-125,71,Over
2017,San Francisco Giants,SF,137,88.5,-105,-115,64,Under
2017,Seattle Mariners,SEA,136,85.5,-115,-105,78,Under
2017,St. Louis Cardinals,STL,138,83.5,-150,130,83,Under
2017,Tampa Bay Rays,TB,139,78.5,-105,-115,80,Over
2017,Texas Rangers,TEX,140,85.5,105,-125,78,Under
2017,Toronto Blue Jays,TOR,141,85.5,-115,-105,76,Under
2017,Washington Nationals,WSH,120,91.5,-110,-110,97,Over
2018,Arizona Diamondbacks,AZ,109,85.0,-125,105,82,Under
2018,Atlanta Braves,ATL,144,75.0,-110,-110,90,Over
2018,Baltimore Orioles,BAL,110,72.5,-150,130,47,Under
2018,Boston Red Sox,BOS,111,92.0,-130,110,108,Over
2018,Chicago Cubs,CHC,112,93.5,-105,-115,95,Over
2018,Chicago White Sox,CWS,145,72.5,-110,-110,62,Under
2018,Cincinnati Reds,CIN,113,74.0,-115,-105,67,Under
2018,Cleveland Guardians,CLE,114,94.5,-130,110,91,Under
2018,Colorado Rockies,COL,115,81.5,-120,100,91,Over
2018,Detroit Tigers,DET,116,67.0,115,-135,64,Under
2018,Houston Astros,HOU,117,97.5,-120,100,103,Over
2018,Kansas City Royals,KC,118,70.0,130,-150,58,Under
2018,Los Angeles Angels,LAA,108,84.5,105,-125,80,Under
2018,Los Angeles Dodgers,LAD,119,95.5,115,-135,92,Under
2018,Miami Marlins,MIA,146,63.5,-120,100,63,Under
2018,Milwaukee Brewers,MIL,158,83.5,-125,105,96,Over
2018,Minnesota Twins,MIN,142,83.0,-165,145,78,Under
2018,New York Mets,NYM,121,82.5,105,-125,77,Under
2018,New York Yankees,NYY,147,94.5,-110,-110,100,Over
2018,Oakland Athletics,OAK,133,75.5,100,-120,97,Over
2018,Philadelphia Phillies,PHI,143,78.5,-115,-105,80,Over
2018,Pittsburgh Pirates,PIT,134,74.0,120,-140,82,Over
2018,San Diego Padres,SD,135,72.5,100,-120,66,Under
2018,San Francisco Giants,SF,137,79.5,-110,-110,73,Under
2018,Seattle Mariners,SEA,136,81.5,-125,105,89,Over
2018,St. Louis Cardinals,STL,138,86.0,-120,100,88,Over
2018,Tampa Bay Rays,TB,139,74.0,-115,-105,90,Over
2018,Texas Rangers,TEX,140,75.0,100,-120,67,Under
2018,Toronto Blue Jays,TOR,141,81.5,-115,-105,73,Under
2018,Washington Nationals,WSH,120,93.5,-120,100,82,Under
2019,Arizona Diamondbacks,AZ,109,75.5,-110,-110,85,Over
2019,Atlanta Braves,ATL,144,86.0,115,-135,97,Over
2019,Baltimore Orioles,BAL,110,58.5,120,-140,54,Under
2019,Boston Red Sox,BOS,111,94.5,-105,-115,84,Under
2019,Chicago Cubs,CHC,112,87.5,115,-135,84,Under
2019,Chicago White Sox,CWS,145,73.5,100,-120,72,Under
2019,Cincinnati Reds,CIN,113,78.5,-140,120,75,Under
2019,Cleveland Guardians,CLE,114,90.5,-125,105,93,Over
2019,Colorado Rockies,COL,115,84.5,-130,110,71,Under
2019,Detroit Tigers,DET,116,68.5,110,-130,47,Under
2019,Houston Astros,HOU,117,96.5,-130,110,107,Over
2019,Kansas City Royals,KC,118,69.5,115,-135,59,Under
2019,Los Angeles Angels,LAA,108,82.5,-110,-110,72,Under
2019,Los Angeles Dodgers,LAD,119,93.5,105,-125,106,Over
2019,Miami Marlins,MIA,146,63.5,105,-125,57,Under
2019,Milwaukee Brewers,MIL,158,86.5,-110,-110,89,Over
2019,Minnesota Twins,MIN,142,83.5,-160,140,101,Over
2019,New York Mets,NYM,121,85.5,-125,105,86,Over
2019,New York Yankees,NYY,147,96.5,-130,110,103,Over
2019,Oakland Athletics,OAK,133,83.5,-110,-110,97,Over
2019,Philadelphia Phillies,PHI,143,89.5,115,-135,81,Under
2019,Pittsburgh Pirates,PIT,134,77.5,-130,110,69,Under
2019,San Diego Padres,SD,135,78.5,100,-120,70,Under
2019,San Francisco Giants,SF,137,73.5,-105,-115,77,Over
2019,Seattle Mariners,SEA,136,71.5,-130,110,68,Under
2019,St. Louis Cardinals,STL,138,88.5,-105,-115,91,Over
2019,Tampa Bay Rays,TB,139,84.5,-125,105,96,Over
2019,Texas Rangers,TEX,140,71.5,110,-130,78,Over
2019,Toronto Blue Jays,TOR,141,74.5,115,-135,67,Under
2019,Washington Nationals,WSH,120,89.0,-135,115,93,Over
2020,Arizona Diamondbacks,AZ,109,30.5,-120,100,25,Under
2020,Atlanta Braves,ATL,144,33.5,-115,-105,35,Over
2020,Baltimore Orioles,BAL,110,20.5,-110,-110,25,Over
2020,Boston Red Sox,BOS,111,31.5,105,-125,24,Under
2020,Chicago Cubs,CHC,112,32.5,-110,-110,34,Over
2020,Chicago White Sox,CWS,145,31.5,-110,-110,35,Over
2020,Cincinnati Reds,CIN,113,32.5,100,-120,31,Under
2020,Cleveland Guardians,CLE,114,32.5,-120,100,35,Over
2020,Colorado Rockies,COL,115,26.5,100,-120,26,Under
2020,Houston Astros,HOU,117,34.5,100,-120,29,Under
2020,Kansas City Royals,KC,118,23.5,-110,-110,26,Over
2020,Los Angeles Angels,LAA,108,32.5,100,-120,26,Under
2020,Los Angeles Dodgers,LAD,119,37.5,-110,-110,43,Over
2020,Miami Marlins,MIA,146,23.5,100,-120,31,Over
2020,Milwaukee Brewers,MIL,158,30.5,-110,-110,29,Under
2020,Minnesota Twins,MIN,142,34.5,-110,-110,36,Over
2020,New York Mets,NYM,121,32.5,-110,-110,26,Under
2020,New York Yankees,NYY,147,37.5,105,-125,33,Under
2020,Oakland Athletics,OAK,133,32.5,-115,-105,36,Over
2020,Philadelphia Phillies,PHI,143,31.5,-110,-110,28,Under
2020,Pittsburgh Pirates,PIT,134,25.5,-110,-110,19,Under
2020,San Diego Padres,SD,135,30.5,-110,-110,37,Over
2020,San Francisco Giants,SF,137,25.5,-110,-110,29,Over
2020,Seattle Mariners,SEA,136,24.5,-110,-110,27,Over
2020,Tampa Bay Rays,TB,139,33.5,-125,105,40,Over
2020,Texas Rangers,TEX,140,29.5,-110,-110,22,Under
2020,Toronto Blue Jays,TOR,141,27.5,100,-120,32,Over
2020,Washington Nationals,WSH,120,32.5,-110,-110,26,Under
2021,Arizona Diamondbacks,AZ,109,75.5,-110,-110,52,Under
2021,Atlanta Braves,ATL,144,91.5,-110,-110,88,Under
2021,Baltimore Orioles,BAL,110,64.5,-105,-115,52,Under
2021,Boston Red Sox,BOS,111,80.5,100,-120,92,Over
2021,Chicago Cubs,CHC,112,78.5,-110,-110,71,Under
2021,Chicago White Sox,CWS,145,90.5,-110,-110,93,Over
2021,Cincinnati Reds,CIN,113,81.5,-110,-110,83,Over
2021,Cleveland Guardians,CLE,114,81.5,-110,-110,80,Under
2021,Colorado Rockies,COL,115,63.5,-110,-110,74,Over
2021,Detroit Tigers,DET,116,69.5,-115,-105,77,Over
2021,Houston Astros,HOU,117,87.5,-115,-105,95,Over
2021,Kansas City Royals,KC,118,74.5,-120,100,74,Under
2021,Los Angeles Angels,LAA,108,83.5,-115,-105,77,Under
2021,Los Angeles Dodgers,LAD,119,102.5,-110,-110,106,Over
2021,Miami Marlins,MIA,146,70.5,-110,-110,67,Under
2021,Milwaukee Brewers,MIL,158,83.5,-110,-110,95,Over
2021,Minnesota Twins,MIN,142,88.5,-110,-110,73,Under
2021,New York Mets,NYM,121,90.5,-110,-110,77,Under
2021,New York Yankees,NYY,147,95.5,-110,-110,92,Under
2021,Oakland Athletics,OAK,133,87.5,-110,-110,86,Under
2021,Philadelphia Phillies,PHI,143,80.5,-145,120,82,Over
2021,Pittsburgh Pirates,PIT,134,58.5,-110,-110,61,Over
2021,San Diego Padres,SD,135,94.5,-110,-110,79,Under
2021,San Francisco Giants,SF,137,75.5,100,-120,107,Over
2021,Seattle Mariners,SEA,136,72.5,-110,-110,90,Over
2021,St. Louis Cardinals,STL,138,86.5,-110,-110,90,Over
2021,Tampa Bay Rays,TB,139,86.5,-110,-110,100,Over
2021,Texas Rangers,TEX,140,67.5,-110,-110,60,Under
2021,Toronto Blue Jays,TOR,141,86.5,-110,-110,91,Over
2021,Washington Nationals,WSH,120,84.5,-110,-110,65,Under
2022,Arizona Diamondbacks,AZ,109,66.5,-110,-110,74,Over
2022,Atlanta Braves,ATL,144,91.5,-110,-110,101,Over
2022,Baltimore Orioles,BAL,110,62.5,-110,-110,83,Over
2022,Boston Red Sox,BOS,111,85.5,-110,-110,78,Under
2022,Chicago Cubs,CHC,112,74.5,-110,-110,74,Under
2022,Chicago White Sox,CWS,145,92.5,-110,-110,81,Under
2022,Cincinnati Reds,CIN,113,73.5,-110,-110,62,Under
2022,Cleveland Guardians,CLE,114,76.5,-110,-110,92,Over
2022,Colorado Rockies,COL,115,69.5,-110,-110,68,Under
2022,Detroit Tigers,DET,116,78.5,-115,-105,66,Under
2022,Houston Astros,HOU,117,91.5,-110,-110,106,Over
2022,Kansas City Royals,KC,118,74.5,-110,-110,65,Under
2022,Los Angeles Angels,LAA,108,84.5,-110,-110,73,Under
2022,Los Angeles Dodgers,LAD,119,98.5,-115,-105,110,Over
2022,Miami Marlins,MIA,146,76.5,-110,-110,69,Under
2022,Milwaukee Brewers,MIL,158,90.5,-110,-110,86,Under
2022,Minnesota Twins,MIN,142,82.5,-110,-110,78,Under
2022,New York Mets,NYM,121,88.5,-115,-105,101,Over
2022,New York Yankees,NYY,147,91.5,-110,-110,99,Over
2022,Oakland Athletics,OAK,133,68.5,-110,-110,60,Under
2022,Philadelphia Phillies,PHI,143,86.5,-110,-110,87,Over
2022,Pittsburgh Pirates,PIT,134,64.5,-110,-110,62,Under
2022,San Diego Padres,SD,135,88.5,-110,-110,89,Over
2022,San Francisco Giants,SF,137,86.5,-110,-110,81,Under
2022,Seattle Mariners,SEA,136,84.5,-110,-110,90,Over
2022,St. Louis Cardinals,STL,138,84.5,-110,-110,93,Over
2022,Tampa Bay Rays,TB,139,89.5,-110,-110,86,Under
2022,Texas Rangers,TEX,140,74.5,-110,-110,68,Under
2022,Toronto Blue Jays,TOR,141,92.5,-110,-110,92,Under
2022,Washington Nationals,WSH,120,70.5,-110,-110,55,Under
2023,Arizona Diamondbacks,AZ,109,75.5,-115,-105,84,Over
2023,Atlanta Braves,ATL,144,95.5,-115,-105,104,Over
2023,Baltimore Orioles,BAL,110,77.5,-110,-110,101,Over
2023,Boston Red Sox,BOS,111,78.5,100,-120,78,Under
2023,Chicago Cubs,CHC,112,77.5,-115,-105,83,Over
2023,Chicago White Sox,CWS,145,82.5,-105,-115,61,Under
2023,Cincinnati Reds,CIN,113,65.5,-120,100,82,Over
2023,Cleveland Guardians,CLE,114,86.5,-115,-105,76,Under
2023,Colorado Rockies,COL,115,65.5,100,-120,59,Under
2023,Detroit Tigers,DET,116,69.5,-105,-115,78,Over
2023,Houston Astros,HOU,117,95.5,-105,-115,90,Under
2023,Kansas City Royals,KC,118,69.5,-110,-110,56,Under
2023,Los Angeles Angels,LAA,108,82.5,-115,-105,73,Under
2023,Los Angeles Dodgers,LAD,119,95.5,-120,100,100,Over
2023,Miami Marlins,MIA,146,76.5,100,-120,84,Over
2023,Milwaukee Brewers,MIL,158,85.5,100,-120,92,Over
2023,Minnesota Twins,MIN,142,84.5,-110,-110,87,Over
2023,New York Mets,NYM,121,92.5,-110,-110,74,Under
2023,New York Yankees,NYY,147,94.5,-105,-115,82,Under
2023,Oakland Athletics,OAK,133,59.5,-110,-110,50,Under
2023,Philadelphia Phillies,PHI,143,88.5,-105,-115,90,Over
2023,Pittsburgh Pirates,PIT,134,67.5,-115,-105,76,Over
2023,San Diego Padres,SD,135,93.5,-105,-115,82,Under
2023,San Francisco Giants,SF,137,80.5,-115,-105,79,Under
2023,Seattle Mariners,SEA,136,87.5,-115,-105,88,Over
2023,St. Louis Cardinals,STL,138,89.5,-110,-110,71,Under
2023,Tampa Bay Rays,TB,139,88.5,-110,-110,99,Over
2023,Texas Rangers,TEX,140,81.5,-110,-110,90,Over
2023,Toronto Blue Jays,TOR,141,91.5,-120,100,89,Under
2023,Washington Nationals,WSH,120,59.5,-110,-110,71,Over
2024,Arizona Diamondbacks,AZ,109,84.5,-115,-105,89,Over
2024,Atlanta Braves,ATL,144,101.5,-110,-110,89,Under
2024,Baltimore Orioles,BAL,110,90.5,-110,-110,91,Over
2024,Boston Red Sox,BOS,111,77.5,100,-120,81,Over
2024,Chicago Cubs,CHC,112,84.5,-105,-115,83,Under
2024,Chicago White Sox,CWS,145,61.5,-115,-105,41,Under
2024,Cincinnati Reds,CIN,113,82.5,-105,-115,77,Under
2024,Cleveland Guardians,CLE,114,79.5,-110,-110,92,Over
2024,Colorado Rockies,COL,115,59.5,-105,-115,61,Over
2024,Detroit Tigers,DET,116,81.5,100,-120,86,Over
2024,Houston Astros,HOU,117,92.5,-110,-110,88,Under
2024,Kansas City Royals,KC,118,73.5,-120,100,86,Over
2024,Los Angeles Angels,LAA,108,72.5,-105,-115,63,Under
2024,Los Angeles Dodgers,LAD,119,103.5,100,-120,98,Under
2024,Miami Marlins,MIA,146,77.5,100,-120,62,Under
2024,Milwaukee Brewers,MIL,158,77.5,-110,-110,93,Over
2024,Minnesota Twins,MIN,142,86.5,-115,-105,82,Under
2024,New York Mets,NYM,121,81.5,-110,-110,89,Over
2024,New York Yankees,NYY,147,91.5,-105,-115,94,Over
2024,Oakland Athletics,OAK,133,57.5,-120,100,69,Over
2024,Philadelphia Phillies,PHI,143,89.5,-115,-105,95,Over
2024,Pittsburgh Pirates,PIT,134,75.5,-110,-110,76,Over
2024,San Diego Padres,SD,135,83.5,-115,-105,93,Over
2024,San Francisco Giants,SF,137,83.5,-110,-110,80,Under
2024,Seattle Mariners,SEA,136,87.5,-115,-105,85,Under
2024,St. Louis Cardinals,STL,138,84.5,-110,-110,83,Under
2024,Tampa Bay Rays,TB,139,85.5,-105,-115,80,Under
2024,Texas Rangers,TEX,140,88.5,100,-120,78,Under
2024,Toronto Blue Jays,TOR,141,87.5,-115,-105,74,Under
2024,Washington Nationals,WSH,120,66.5,-105,-115,71,Over
2025,Arizona Diamondbacks,AZ,109,86.5,-130,110,80,Under
2025,Oakland Athletics,OAK,133,71.5,-125,105,76,Over
2025,Atlanta Braves,ATL,144,93.5,-120,100,76,Under
2025,Baltimore Orioles,BAL,110,86.5,-115,-105,75,Under
2025,Boston Red Sox,BOS,111,86.5,-130,110,89,Over
2025,Chicago Cubs,CHC,112,86.5,-110,-110,92,Over
2025,Chicago White Sox,CWS,145,54.5,-105,-115,60,Over
2025,Cincinnati Reds,CIN,113,79.5,-120,100,83,Over
2025,Cleveland Guardians,CLE,114,82.5,105,-125,88,Over
2025,Colorado Rockies,COL,115,59.5,-120,100,43,Under
2025,Detroit Tigers,DET,116,83.5,-115,-105,87,Over
2025,Houston Astros,HOU,117,86.5,100,-120,87,Over
2025,Kansas City Royals,KC,118,82.5,-115,-105,82,Under
2025,Los Angeles Angels,LAA,108,72.5,-110,-110,72,Under
2025,Los Angeles Dodgers,LAD,119,105.5,-120,100,93,Under
2025,Miami Marlins,MIA,146,62.5,100,-120,79,Over
2025,Milwaukee Brewers,MIL,158,82.5,-125,105,97,Over
2025,Minnesota Twins,MIN,142,84.5,-110,-110,70,Under
2025,New York Mets,NYM,121,90.5,-115,-105,83,Under
2025,New York Yankees,NYY,147,88.5,100,-120,94,Over
2025,Philadelphia Phillies,PHI,143,90.5,-115,-105,96,Over
2025,Pittsburgh Pirates,PIT,134,76.5,-120,100,71,Under
2025,San Diego Padres,SD,135,85.5,-102,-118,90,Over
2025,San Francisco Giants,SF,137,79.5,-120,100,81,Over
2025,Seattle Mariners,SEA,136,85.5,-110,-110,90,Over
2025,St. Louis Cardinals,STL,138,76.5,-115,-105,78,Over
2025,Tampa Bay Rays,TB,139,80.5,-110,-110,77,Under
2025,Texas Rangers,TEX,140,86.5,-120,100,81,Under
2025,Toronto Blue Jays,TOR,141,79.5,-115,-105,94,Over
2025,Washington Nationals,WSH,120,70.5,-130,110,66,Under
2026,Arizona Diamondbacks,AZ,109,79.5,100,-120,,
2026,Oakland Athletics,OAK,133,75.5,-115,-105,,
2026,Atlanta Braves,ATL,144,86.5,-110,-110,,
2026,Baltimore Orioles,BAL,110,85.5,-120,100,,
2026,Boston Red Sox,BOS,111,87.5,-115,-105,,
2026,Chicago Cubs,CHC,112,88.5,-115,-105,,
2026,Chicago White Sox,CWS,145,67.5,-110,-110,,
2026,Cincinnati Reds,CIN,113,80.5,-110,-110,,
2026,Cleveland Guardians,CLE,114,79.5,-105,-115,,
2026,Colorado Rockies,COL,115,55.5,-110,-110,,
2026,Detroit Tigers,DET,116,85.5,-115,-105,,
2026,Houston Astros,HOU,117,86.5,100,-120,,
2026,Kansas City Royals,KC,118,83.5,-120,100,,
2026,Los Angeles Angels,LAA,108,70.5,-105,-115,,
2026,Los Angeles Dodgers,LAD,119,103.5,100,-120,,
2026,Miami Marlins,MIA,146,72.5,-110,-110,,
2026,Milwaukee Brewers,MIL,158,84.5,-120,100,,
2026,Minnesota Twins,MIN,142,72.5,-115,-105,,
2026,New York Mets,NYM,121,90.5,-110,-110,,
2026,New York Yankees,NYY,147,90.5,-115,-105,,
2026,Philadelphia Phillies,PHI,143,89.5,-110,-110,,
2026,Pittsburgh Pirates,PIT,134,78.5,-115,-105,,
2026,San Diego Padres,SD,135,83.5,-120,100,,
2026,San Francisco Giants,SF,137,80.5,-120,100,,
2026,Seattle Mariners,SEA,136,89.5,-125,105,,
2026,St. Louis Cardinals,STL,138,69.5,100,-120,,
2026,Tampa Bay Rays,TB,139,76.5,-110,-110,,
2026,Texas Rangers,TEX,140,83.5,-110,-110,,
2026,Toronto Blue Jays,TOR,141,88.5,100,-120,,
2026,Washington Nationals,WSH,120,65.5,-110,-110,,
